<?xml version="1.0" encoding="UTF-8"?>
<jcr:root xmlns:sling="http://sling.apache.org/jcr/sling/1.0" xmlns:cq="http://www.day.com/jcr/cq/1.0" xmlns:jcr="http://www.jcp.org/jcr/1.0" xmlns:nt="http://www.jcp.org/jcr/nt/1.0"
    jcr:primaryType="cq:Page">
    <jcr:content
        cq:lastModified="{Date}2020-07-07T17:58:17.582-07:00"
        cq:lastModifiedBy="admin"
        cq:tags="[]"
        cq:template="/conf/wknd/settings/wcm/templates/content-page-template"
        jcr:description="Here we answer some of the questions that we hear most often from the community."
        jcr:primaryType="cq:PageContent"
        jcr:title="FAQs"
        sling:resourceType="wknd/components/page">
        <root
            jcr:primaryType="nt:unstructured"
            sling:resourceType="wknd/components/container">
            <container
                cq:styleIds="[1554340406437]"
                jcr:lastModified="{Date}2020-07-07T17:56:59.701-07:00"
                jcr:lastModifiedBy="admin"
                jcr:primaryType="nt:unstructured"
                sling:resourceType="wknd/components/container"
                layout="responsiveGrid">
                <container
                    jcr:created="{Date}2019-10-14T10:19:24.180-07:00"
                    jcr:createdBy="admin"
                    jcr:lastModified="{Date}2020-07-07T17:57:13.729-07:00"
                    jcr:lastModifiedBy="admin"
                    jcr:primaryType="nt:unstructured"
                    sling:resourceType="wknd/components/container"
                    layout="responsiveGrid">
                    <cq:responsive jcr:primaryType="nt:unstructured">
                        <default
                            jcr:primaryType="nt:unstructured"
                            offset="0"
                            width="8"/>
                        <tablet
                            jcr:primaryType="nt:unstructured"
                            offset="0"
                            width="12"/>
                        <phone
                            jcr:primaryType="nt:unstructured"
                            offset="0"
                            width="12"/>
                    </cq:responsive>
                    <title
                        cq:styleIds="[1568996484405]"
                        jcr:created="{Date}2019-10-14T09:28:37.553-07:00"
                        jcr:createdBy="admin"
                        jcr:lastModified="{Date}2019-10-14T09:28:37.553-07:00"
                        jcr:lastModifiedBy="admin"
                        jcr:primaryType="nt:unstructured"
                        sling:resourceType="wknd/components/title">
                        <cq:responsive jcr:primaryType="nt:unstructured">
                            <phone
                                jcr:primaryType="nt:unstructured"
                                offset="0"
                                width="12"/>
                        </cq:responsive>
                    </title>
                    <image
                        jcr:created="{Date}2019-10-25T11:23:20.439-07:00"
                        jcr:createdBy="admin"
                        jcr:lastModified="{Date}2019-10-25T16:02:31.787-07:00"
                        jcr:lastModifiedBy="admin"
                        jcr:primaryType="nt:unstructured"
                        sling:resourceType="wknd/components/image"
                        fileReference="/content/dam/wknd-shared/en/adventures/climbing-new-zealand/adobestock-277768563.jpeg">
                        <cq:responsive jcr:primaryType="nt:unstructured">
                            <default
                                jcr:primaryType="nt:unstructured"
                                offset="0"
                                width="8"/>
                        </cq:responsive>
                    </image>
                    <text
                        jcr:created="{Date}2019-10-14T09:28:54.146-07:00"
                        jcr:createdBy="admin"
                        jcr:lastModified="{Date}2019-10-25T11:13:10.055-07:00"
                        jcr:lastModifiedBy="admin"
                        jcr:primaryType="nt:unstructured"
                        sling:resourceType="wknd/components/text"
                        text="&lt;p>WKND is a collective of outdoors, music, crafts, adventure sports, and travel enthusiasts that want to share our experiences, connections, and expertise with the world. Our objective is create a community to help like-minded adventure seekers find fun, engaging, and responsible ways to to enjoy life and create lasting memories.&lt;/p>&#xa;"
                        textIsRich="true">
                        <cq:responsive jcr:primaryType="nt:unstructured">
                            <phone
                                jcr:primaryType="nt:unstructured"
                                offset="0"
                                width="12"/>
                            <default
                                jcr:primaryType="nt:unstructured"
                                offset="0"
                                width="8"/>
                        </cq:responsive>
                    </text>
                    <accordion
                        jcr:created="{Date}2019-10-14T09:29:31.848-07:00"
                        jcr:createdBy="admin"
                        jcr:lastModified="{Date}2019-10-25T11:15:13.801-07:00"
                        jcr:lastModifiedBy="admin"
                        jcr:primaryType="nt:unstructured"
                        sling:resourceType="wknd/components/accordion"
                        headingElement="h3"
                        singleExpansion="false">
                        <cq:responsive jcr:primaryType="nt:unstructured">
                            <phone
                                jcr:primaryType="nt:unstructured"
                                offset="0"
                                width="12"/>
                        </cq:responsive>
                        <item_1571070731882
                            cq:panelTitle="Who is WKND's intended audience?"
                            jcr:primaryType="nt:unstructured"
                            sling:resourceType="wknd/components/container">
                            <text
                                jcr:created="{Date}2019-10-14T09:32:49.895-07:00"
                                jcr:createdBy="admin"
                                jcr:lastModified="{Date}2019-10-25T11:16:36.508-07:00"
                                jcr:lastModifiedBy="admin"
                                jcr:primaryType="nt:unstructured"
                                sling:resourceType="wknd/components/text"
                                text="&lt;p>We believe the best adventures and activities are those that are accessible to everyone. WKND is designed to be inclusive of all age ranges, abilities, and budget-levels. We strive to cater to the thrill-seeking adrenaline junkie BASE-jumpers as well as novices that have a spare weekend and interest in trying something new.&amp;nbsp; &amp;nbsp;&amp;nbsp;&lt;/p>&#xa;"
                                textIsRich="true"/>
                        </item_1571070731882>
                        <item_1
                            cq:panelTitle="How does WKND pay for itself?"
                            jcr:primaryType="nt:unstructured"
                            jcr:title="Item 1"
                            sling:resourceType="wknd/components/container">
                            <text
                                jcr:created="{Date}2019-10-14T09:51:23.154-07:00"
                                jcr:createdBy="admin"
                                jcr:lastModified="{Date}2019-10-25T11:17:16.517-07:00"
                                jcr:lastModifiedBy="admin"
                                jcr:primaryType="nt:unstructured"
                                sling:resourceType="wknd/components/text"
                                text="&lt;p>WKND charges a small fee for local promoters that want to sponsor their adventures and events on the WKND site.&amp;nbsp; Sponsored Adventures may get sorted to more prominent positions in our Adventures listings pages.&lt;/p>&#xa;&lt;h3>&amp;nbsp;&lt;/h3>&#xa;"
                                textIsRich="true"/>
                        </item_1>
                        <item_2
                            cq:panelTitle="Can I contribute to WKND?"
                            jcr:primaryType="nt:unstructured"
                            jcr:title="Item 2"
                            sling:resourceType="wknd/components/container">
                            <text
                                jcr:created="{Date}2019-10-14T10:12:29.401-07:00"
                                jcr:createdBy="admin"
                                jcr:lastModified="{Date}2019-10-25T11:17:39.663-07:00"
                                jcr:lastModifiedBy="admin"
                                jcr:primaryType="nt:unstructured"
                                sling:resourceType="wknd/components/text"
                                text="&lt;p>Yes!&amp;nbsp; If you have the expertise and&amp;nbsp;experiences&amp;nbsp;to share, we’ll provide the platform to spread it.&amp;nbsp; As a Guest Writer, you will play an integral role in helping people find fun and cool things to do in your community.&lt;/p>&#xa;"
                                textIsRich="true"/>
                        </item_2>
                        <item_1571070705187
                            cq:panelTitle="How often is WKDN updated?"
                            jcr:primaryType="nt:unstructured"
                            sling:resourceType="wknd/components/container">
                            <text
                                jcr:created="{Date}2019-10-14T10:12:54.254-07:00"
                                jcr:createdBy="admin"
                                jcr:lastModified="{Date}2019-10-25T11:18:11.562-07:00"
                                jcr:lastModifiedBy="admin"
                                jcr:primaryType="nt:unstructured"
                                sling:resourceType="wknd/components/text"
                                text="&lt;p>WKND is updated daily to provide you with the latest in-depth articles on fun activities that we’ve recently exploring and new adventures that are available for you to discover.&amp;nbsp; Come back often to see the latest or subscribe to our social feeds.&lt;/p>&#xa;"
                                textIsRich="true"/>
                        </item_1571070705187>
                        <item_1571070718887
                            cq:panelTitle="When was WKND founded?"
                            jcr:primaryType="nt:unstructured"
                            sling:resourceType="wknd/components/container">
                            <text
                                jcr:created="{Date}2019-10-14T10:13:09.156-07:00"
                                jcr:createdBy="admin"
                                jcr:lastModified="{Date}2019-10-25T11:18:36.836-07:00"
                                jcr:lastModifiedBy="admin"
                                jcr:primaryType="nt:unstructured"
                                sling:resourceType="wknd/components/text"
                                text="&lt;p>WKND was created in 2015 when our founders, Daniel and Kilian, realized that their friends and family were constantly using them as resources to find fun things to do while they were in Los Angeles. They loved sharing ideas about fun events and activities they knew of, but wanted to be able to do it at larger scale across communities.&amp;nbsp; They decided to start WKND as a way to share their insights and experiences with as many people as possible.&amp;nbsp; &amp;nbsp;&amp;nbsp;&lt;/p>&#xa;"
                                textIsRich="true"/>
                        </item_1571070718887>
                        <item_1572027287775
                            cq:panelTitle="Is a hot dog a sandwich?"
                            jcr:primaryType="nt:unstructured"
                            sling:resourceType="wknd/components/container">
                            <text
                                jcr:created="{Date}2019-10-25T11:18:51.723-07:00"
                                jcr:createdBy="admin"
                                jcr:lastModified="{Date}2019-10-25T11:19:08.411-07:00"
                                jcr:lastModifiedBy="admin"
                                jcr:primaryType="nt:unstructured"
                                sling:resourceType="wknd/components/text"
                                text="&lt;p>While it may be described as meat between two pieces of bread, a hot dog is just a sandwich in the same way Michael Jordan was just a basketball player or William Shakespeare was just a playwright.&amp;nbsp; Technically true, but vastly understated.&lt;/p>&#xa;"
                                textIsRich="true"/>
                        </item_1572027287775>
                        <item_1572027298182
                            cq:panelTitle="Is WKND a real company?"
                            jcr:primaryType="nt:unstructured"
                            sling:resourceType="wknd/components/container">
                            <text
                                jcr:created="{Date}2019-10-25T11:19:22.144-07:00"
                                jcr:createdBy="admin"
                                jcr:lastModified="{Date}2019-10-25T11:19:41.501-07:00"
                                jcr:lastModifiedBy="admin"
                                jcr:primaryType="nt:unstructured"
                                sling:resourceType="wknd/components/text"
                                text="&lt;p>No. The WKND is a fictional online magazine and adventure company that focuses on outdoor activities and trips across the globe. The WKND site is designed to demonstrate functionality for Adobe Experience Manager. There is also a corresponding tutorial that walks a developer through the development.&amp;nbsp; Special thanks to&amp;nbsp;&lt;b>Lorenzo Buosi&amp;nbsp;&lt;/b>and&lt;b>&amp;nbsp;Kilian Amendola&amp;nbsp;&lt;/b>who&amp;nbsp;created the beautiful design for the WKND site.&lt;/p>&#xa;"
                                textIsRich="true">
                                <cq:responsive jcr:primaryType="nt:unstructured">
                                    <default
                                        jcr:primaryType="nt:unstructured"
                                        offset="0"
                                        width="12"/>
                                </cq:responsive>
                            </text>
                        </item_1572027298182>
                    </accordion>
                </container>
                <container_293505757
                    jcr:created="{Date}2019-10-14T10:20:06.270-07:00"
                    jcr:createdBy="admin"
                    jcr:lastModified="{Date}2019-10-14T10:20:06.270-07:00"
                    jcr:lastModifiedBy="admin"
                    jcr:primaryType="nt:unstructured"
                    sling:resourceType="wknd/components/container">
                    <cq:responsive jcr:primaryType="nt:unstructured">
                        <default
                            jcr:primaryType="nt:unstructured"
                            offset="1"
                            width="3"/>
                        <tablet
                            jcr:primaryType="nt:unstructured"
                            offset="0"
                            width="12"/>
                        <phone
                            jcr:primaryType="nt:unstructured"
                            offset="0"
                            width="12"/>
                    </cq:responsive>
                    <separator
                        cq:styleIds="[1571075919520,1571075910473]"
                        jcr:created="{Date}2019-10-14T13:49:29.760-07:00"
                        jcr:createdBy="admin"
                        jcr:lastModified="{Date}2019-10-14T13:49:29.760-07:00"
                        jcr:lastModifiedBy="admin"
                        jcr:primaryType="nt:unstructured"
                        sling:resourceType="wknd/components/separator"/>
                    <title
                        jcr:created="{Date}2019-10-14T10:21:03.118-07:00"
                        jcr:createdBy="admin"
                        jcr:lastModified="{Date}2019-10-14T10:21:13.842-07:00"
                        jcr:lastModifiedBy="admin"
                        jcr:primaryType="nt:unstructured"
                        jcr:title="Need more help?"
                        sling:resourceType="wknd/components/title"
                        type="h3">
                        <cq:responsive jcr:primaryType="nt:unstructured">
                            <phone
                                jcr:primaryType="nt:unstructured"
                                offset="0"
                                width="12"/>
                        </cq:responsive>
                    </title>
                    <text
                        cq:styleIds="[1571074070335]"
                        jcr:created="{Date}2019-10-14T10:21:26.357-07:00"
                        jcr:createdBy="admin"
                        jcr:lastModified="{Date}2019-10-14T10:31:09.107-07:00"
                        jcr:lastModifiedBy="admin"
                        jcr:primaryType="nt:unstructured"
                        sling:resourceType="wknd/components/text"
                        text="&lt;p style=&quot;text-align: left;&quot;>Give us a call at &lt;a href=&quot;#&quot;>1-800-800-0000&lt;/a>.&lt;br>&#xd;&#xa;E-mail us at info&lt;a href=&quot;#&quot;>@wknd.com&lt;/a>&lt;br>&#xd;&#xa;We love to talk adventures!&lt;/p>&#xd;&#xa;"
                        textIsRich="true">
                        <cq:responsive jcr:primaryType="nt:unstructured">
                            <phone
                                jcr:primaryType="nt:unstructured"
                                offset="0"
                                width="12"/>
                        </cq:responsive>
                    </text>
                </container_293505757>
            </container>
        </root>
    </jcr:content>
</jcr:root>
