<?xml version="1.0" encoding="UTF-8"?>
<jcr:root xmlns:sling="http://sling.apache.org/jcr/sling/1.0" xmlns:cq="http://www.day.com/jcr/cq/1.0" xmlns:jcr="http://www.jcp.org/jcr/1.0" xmlns:nt="http://www.jcp.org/jcr/nt/1.0"
    jcr:primaryType="cq:Page">
    <jcr:content
        cq:allowedTemplates="[/conf/wknd/settings/wcm/templates/landing-page-template,/conf/wknd/settings/wcm/templates/article-page-template,/conf/wknd/settings/wcm/templates/content-page-template,/conf/wknd/settings/wcm/templates/adventure-page-template]"
        cq:conf="/conf/wknd"
        cq:contextHubPath="/conf/wknd/settings/cloudsettings/default/contexthub"
        cq:contextHubSegmentsPath="/conf/wknd/settings/wcm/segments"
        cq:lastModified="{Date}2021-04-27T20:19:05.296-08:00"
        cq:lastModifiedBy="admin"
        jcr:primaryType="cq:PageContent"
        jcr:title="WKND Site"
        sling:configRef="/conf/wknd"
        sling:resourceType="wknd/components/page"
        cq:redirectTarget="/content/wknd/us/en"
        cq:template="/conf/wknd/settings/wcm/templates/landing-page-template">
        <image jcr:primaryType="nt:unstructured">
            <file/>
        </image>
    </jcr:content>
    <language-masters/>
    <us/>
    <ca/>
    <ch/>
    <de/>
    <fr/>
    <es/>
    <it/>
</jcr:root>
