<?xml version="1.0" encoding="UTF-8"?>
<jcr:root xmlns:sling="http://sling.apache.org/jcr/sling/1.0" xmlns:cq="http://www.day.com/jcr/cq/1.0" xmlns:jcr="http://www.jcp.org/jcr/1.0" xmlns:nt="http://www.jcp.org/jcr/nt/1.0"
    jcr:primaryType="nt:unstructured"
    jcr:title="Login"
    sling:resourceType="cq/gui/components/authoring/dialog">
    <content
        jcr:primaryType="nt:unstructured"
        sling:resourceType="granite/ui/components/coral/foundation/fixedcolumns">
        <items jcr:primaryType="nt:unstructured">
            <column
                jcr:primaryType="nt:unstructured"
                sling:resourceType="granite/ui/components/coral/foundation/container">
                <items jcr:primaryType="nt:unstructured">
                    <well
                        jcr:primaryType="nt:unstructured"
                        sling:resourceType="granite/ui/components/coral/foundation/well"
                        fieldLabel="Login">
                        <items jcr:primaryType="nt:unstructured">
                            <authurl
                                jcr:primaryType="nt:unstructured"
                                sling:resourceType="granite/ui/components/coral/foundation/form/pathfield"
                                fieldLabel="Authentication Url"
                                name="./authenticationurl"/>
                            <redirecturl
                                jcr:primaryType="nt:unstructured"
                                sling:resourceType="granite/ui/components/coral/foundation/form/pathfield"
                                fieldLabel="Redirect Page"
                                name="./redirectpage"
                                required="{Boolean}false"/>
                            <imageurl
                                jcr:primaryType="nt:unstructured"
                                sling:resourceType="granite/ui/components/coral/foundation/form/pathbrowser"
                                fieldLabel="Login Image"
                                name="./loginimage"
                                required="{Boolean}false"/>
                        </items>
                    </well>
                </items>
            </column>
        </items>
    </content>
</jcr:root>
