<?xml version="1.0" encoding="UTF-8"?>
<jcr:root xmlns:sling="http://sling.apache.org/jcr/sling/1.0" xmlns:cq="http://www.day.com/jcr/cq/1.0" xmlns:jcr="http://www.jcp.org/jcr/1.0" xmlns:nt="http://www.jcp.org/jcr/nt/1.0"
    jcr:primaryType="cq:Page">
    <errors/>
    <jcr:content
        cq:lastModified="{Date}2020-09-30T17:28:29.020-07:00"
        cq:lastModifiedBy="admin"
        cq:tags="[wknd-shared:customer-journey/attract]"
        cq:template="/conf/wknd/settings/wcm/templates/landing-page-template"
        jcr:description="WKND is a collective of outdoors, music, crafts, adventure sports, and travel enthusiasts that want to share our experiences, connections, and expertise with the world."
        jcr:primaryType="cq:PageContent"
        jcr:title="WKND Adventures and Travel"
        sling:resourceType="wknd/components/page"
        pageTitle="Home">
        <root
            jcr:primaryType="nt:unstructured"
            sling:resourceType="wknd/components/container">
            <container
                jcr:created="{Date}2019-03-19T13:22:52.385-07:00"
                jcr:createdBy="admin"
                jcr:lastModified="{Date}2020-09-30T17:28:07.353-07:00"
                jcr:lastModifiedBy="admin"
                jcr:primaryType="nt:unstructured"
                sling:resourceType="wknd/components/container"
                layout="responsiveGrid">
                <carousel
                    cq:styleIds="[1555545421827]"
                    jcr:created="{Date}2019-10-24T14:45:16.689-07:00"
                    jcr:createdBy="admin"
                    jcr:lastModified="{Date}2019-10-25T17:30:19.860-07:00"
                    jcr:lastModifiedBy="admin"
                    jcr:primaryType="nt:unstructured"
                    sling:resourceType="wknd/components/carousel"
                    autopauseDisabled="false"
                    autoplay="false"
                    delay="5000">
                    <item_1571954853062
                        cq:panelTitle="WKND Adventures"
                        cq:styleIds="[1555543212672]"
                        jcr:description="&lt;p>With WKND Adventures, you don't just see the world you experinec eit aldkjfa sflkjasfasf.&lt;/p>&#xd;&#xa;"
                        jcr:lastModified="{Date}2019-10-27T16:01:12.398-07:00"
                        jcr:lastModifiedBy="admin"
                        jcr:primaryType="nt:unstructured"
                        jcr:title="WKND Adventures"
                        sling:resourceType="wknd/components/teaser"
                        actionsEnabled="true"
                        descriptionFromPage="true"
                        fileReference="/content/dam/wknd-shared/en/adventures/riverside-camping-australia/adobestock-216674449.jpeg"
                        textIsRich="true"
                        titleFromPage="false">
                        <actions jcr:primaryType="nt:unstructured">
                            <item0
                                jcr:primaryType="nt:unstructured"
                                link="/content/wknd/language-masters/en/adventures"
                                text="View Trips"/>
                        </actions>
                    </item_1571954853062>
                    <item_1572035298405
                        cq:panelTitle="San Diego Surf Spots"
                        cq:styleIds="[1555543212672]"
                        jcr:lastModified="{Date}2020-09-30T15:19:39.823-07:00"
                        jcr:lastModifiedBy="admin"
                        jcr:primaryType="nt:unstructured"
                        sling:resourceType="wknd/components/teaser"
                        actionsEnabled="true"
                        descriptionFromPage="true"
                        fileReference="/content/dam/wknd-shared/en/magazine/san-diego-surf-spots/beach-walking.jpg"
                        textIsRich="true"
                        titleFromPage="true">
                        <actions jcr:primaryType="nt:unstructured">
                            <item0
                                jcr:primaryType="nt:unstructured"
                                link="/content/wknd/language-masters/en/magazine/san-diego-surf"
                                text="Full Article"/>
                        </actions>
                    </item_1572035298405>
                    <teaser
                        cq:panelTitle="Downhill Skiing Wyoming"
                        cq:styleIds="[1555543212672]"
                        jcr:created="{Date}2019-10-24T14:45:29.211-07:00"
                        jcr:createdBy="admin"
                        jcr:description="&lt;p>A skiers paradise far from crowds and close to nature with terrain so vast it appears uncharted.&lt;/p>&#xd;&#xa;"
                        jcr:lastModified="{Date}2020-09-30T15:17:28.015-07:00"
                        jcr:lastModifiedBy="admin"
                        jcr:primaryType="nt:unstructured"
                        sling:resourceType="wknd/components/teaser"
                        actionsEnabled="true"
                        descriptionFromPage="false"
                        fileReference="/content/dam/wknd-shared/en/adventures/downhill-skiing-wyoming/adobestock-185234795.jpeg"
                        textIsRich="true"
                        titleFromPage="true">
                        <actions jcr:primaryType="nt:unstructured">
                            <item0
                                jcr:primaryType="nt:unstructured"
                                link="/content/wknd/language-masters/en/adventures/downhill-skiing-wyoming"
                                text="View Trip"/>
                        </actions>
                    </teaser>
                </carousel>
                <container
                    cq:styleIds="[1554340406437]"
                    jcr:created="{Date}2019-04-17T14:31:50.612-07:00"
                    jcr:createdBy="admin"
                    jcr:lastModified="{Date}2020-09-30T17:28:16.548-07:00"
                    jcr:lastModifiedBy="admin"
                    jcr:primaryType="nt:unstructured"
                    sling:resourceType="wknd/components/container"
                    layout="responsiveGrid">
                    <cq:responsive jcr:primaryType="nt:unstructured"/>
                    <teaser
                        cq:styleIds="[1555539443529]"
                        jcr:created="{Date}2020-09-30T13:07:54.567-07:00"
                        jcr:createdBy="admin"
                        jcr:lastModified="{Date}2020-09-30T15:16:26.184-07:00"
                        jcr:lastModifiedBy="admin"
                        jcr:primaryType="nt:unstructured"
                        jcr:title="Camping in Western Australia"
                        sling:resourceType="wknd/components/teaser"
                        actionsEnabled="true"
                        descriptionFromPage="true"
                        fileReference="/content/dam/wknd-shared/en/magazine/western-australia/adobestock-156407519.jpeg"
                        id="featured-teaser-home"
                        pretitle="Featured Article"
                        textIsRich="true"
                        titleFromPage="false">
                        <actions jcr:primaryType="nt:unstructured">
                            <item0
                                jcr:primaryType="nt:unstructured"
                                link="/content/wknd/language-masters/en/magazine/western-australia"
                                text="Full Article"/>
                        </actions>
                    </teaser>
                    <title
                        cq:styleIds="[1568996484405]"
                        jcr:created="{Date}2019-10-21T10:52:07.675-07:00"
                        jcr:createdBy="admin"
                        jcr:lastModified="{Date}2019-10-21T10:52:21.030-07:00"
                        jcr:lastModifiedBy="admin"
                        jcr:primaryType="nt:unstructured"
                        jcr:title="Recent Articles"
                        sling:resourceType="wknd/components/title"
                        type="h2"/>
                    <image_list
                        jcr:created="{Date}2019-10-18T19:42:10.049-07:00"
                        jcr:createdBy="admin"
                        jcr:lastModified="{Date}2019-10-25T17:59:48.145-07:00"
                        jcr:lastModifiedBy="admin"
                        jcr:primaryType="nt:unstructured"
                        sling:resourceType="wknd/components/image-list"
                        childDepth="1"
                        listFrom="static"
                        pages="[/content/wknd/language-masters/en/magazine/guide-la-skateparks,/content/wknd/language-masters/en/magazine/ski-touring,/content/wknd/language-masters/en/magazine/arctic-surfing,/content/wknd/language-masters/en/magazine/san-diego-surf]"
                        parentPage="/content/wknd/language-masters/en/magazine"
                        sortOrder="desc"
                        tagsMatch="any"/>
                    <button_copy
                        cq:styleIds="[1570236090914]"
                        jcr:created="{Date}2019-10-25T18:00:29.618-07:00"
                        jcr:createdBy="admin"
                        jcr:lastModified="{Date}2020-09-30T15:15:08.239-07:00"
                        jcr:lastModifiedBy="admin"
                        jcr:primaryType="nt:unstructured"
                        jcr:title="All Articles"
                        sling:resourceType="wknd/components/button"
                        accessibilityLabel="read our articles"
                        linkURL="/content/wknd/language-masters/en/magazine"
                        linkTarget="_self"/>
                    <separator
                        jcr:created="{Date}2019-10-27T16:13:09.680-07:00"
                        jcr:createdBy="admin"
                        jcr:lastModified="{Date}2019-10-27T16:13:09.680-07:00"
                        jcr:lastModifiedBy="admin"
                        jcr:primaryType="nt:unstructured"
                        sling:resourceType="wknd/components/separator"/>
                    <title_15771435
                        cq:styleIds="[1568996484405]"
                        jcr:created="{Date}2019-10-21T11:30:37.023-07:00"
                        jcr:createdBy="admin"
                        jcr:lastModified="{Date}2019-10-21T11:30:47.328-07:00"
                        jcr:lastModifiedBy="admin"
                        jcr:primaryType="nt:unstructured"
                        jcr:title="Next Adventures"
                        sling:resourceType="wknd/components/title"
                        type="h2"/>
                </container>
                <teaser
                    cq:styleIds="[1572035150600]"
                    jcr:created="{Date}2019-10-21T11:31:11.525-07:00"
                    jcr:createdBy="admin"
                    jcr:description="&lt;p>With WKND Adventures, you don't just see the world-- you experience its cultures, flavors and wonders.&lt;/p>&#xd;&#xa;"
                    jcr:lastModified="{Date}2019-10-27T16:12:59.312-07:00"
                    jcr:lastModifiedBy="admin"
                    jcr:primaryType="nt:unstructured"
                    jcr:title="Experience the world with us"
                    sling:resourceType="wknd/components/teaser"
                    actionsEnabled="true"
                    descriptionFromPage="true"
                    fileReference="/content/dam/wknd-shared/en/adventures/climbing-new-zealand/adobestock-140634652.jpeg"
                    textIsRich="true"
                    titleFromPage="true">
                    <actions jcr:primaryType="nt:unstructured">
                        <item0
                            jcr:primaryType="nt:unstructured"
                            link="/content/wknd/language-masters/en/adventures/climbing-new-zealand"
                            text="See Trip"/>
                    </actions>
                </teaser>
                <container_1679842506
                    cq:styleIds="[1554340406437]"
                    jcr:created="{Date}2019-10-21T11:34:41.155-07:00"
                    jcr:createdBy="admin"
                    jcr:lastModified="{Date}2020-09-30T17:28:28.996-07:00"
                    jcr:lastModifiedBy="admin"
                    jcr:primaryType="nt:unstructured"
                    sling:resourceType="wknd/components/container"
                    layout="responsiveGrid">
                    <cq:responsive jcr:primaryType="nt:unstructured"/>
                    <title
                        jcr:created="{Date}2019-10-21T11:34:50.251-07:00"
                        jcr:createdBy="admin"
                        jcr:lastModified="{Date}2019-10-21T11:35:03.383-07:00"
                        jcr:lastModifiedBy="admin"
                        jcr:primaryType="nt:unstructured"
                        jcr:title="Where do you want to go?"
                        sling:resourceType="wknd/components/title"
                        type="h3"/>
                    <image_list
                        jcr:created="{Date}2019-10-21T11:36:26.114-07:00"
                        jcr:createdBy="admin"
                        jcr:lastModified="{Date}2019-10-25T18:00:14.772-07:00"
                        jcr:lastModifiedBy="admin"
                        jcr:primaryType="nt:unstructured"
                        sling:resourceType="wknd/components/image-list"
                        childDepth="1"
                        listFrom="children"
                        maxItems="4"
                        orderBy="title"
                        parentPage="/content/wknd/language-masters/en/adventures"
                        sortOrder="desc"
                        tagsMatch="any"/>
                    <button
                        cq:styleIds="[1570236090914]"
                        jcr:created="{Date}2019-10-25T18:00:29.618-07:00"
                        jcr:createdBy="admin"
                        jcr:lastModified="{Date}2020-09-30T15:15:32.005-07:00"
                        jcr:lastModifiedBy="admin"
                        jcr:primaryType="nt:unstructured"
                        jcr:title="All Trips"
                        sling:resourceType="wknd/components/button"
                        accessibilityLabel="explore our adventures"
                        linkURL="/content/wknd/language-masters/en/adventures"
                        linkTarget="_self"/>
                    <separator
                        jcr:created="{Date}2019-10-21T11:37:59.604-07:00"
                        jcr:createdBy="admin"
                        jcr:lastModified="{Date}2019-10-21T11:37:59.604-07:00"
                        jcr:lastModifiedBy="admin"
                        jcr:primaryType="nt:unstructured"
                        sling:resourceType="wknd/components/separator"/>
                </container_1679842506>
            </container>
        </root>
    </jcr:content>
    <magazine/>
    <adventures/>
    <faqs/>
    <about-us/>
</jcr:root>
